{
    "rmse": 0.693474827298118,
    "mae": 0.5435076340165726,
    "r2": 0.258974018881845
}